loss,accuracy,val_loss,val_accuracy
1.6097508668899536,0.1870833933353424,1.6099435091018677,0.18400000035762787
1.6097137928009033,0.19641534984111786,1.6095768213272095,0.20266667008399963
